date,prophet,lstm,category_prophet
2020-07-02,68.71757136313259,67.8176907739674,Satisfactory
2020-07-03,70.65569360067903,69.98230367943565,Satisfactory
2020-07-04,74.21425168549467,72.02295954677865,Satisfactory
2020-07-05,75.69521438241169,73.97744058744172,Satisfactory
2020-07-06,78.49028760236244,75.9001326652162,Satisfactory
2020-07-07,85.5724734400804,77.78792146363153,Satisfactory
2020-07-08,87.66494045026377,79.67376683200128,Satisfactory
2020-07-09,89.10794426310898,81.60845144238628,Satisfactory
2020-07-10,90.16246093161341,83.62006449799208,Satisfactory
2020-07-11,92.61177657155343,85.62646288415877,Satisfactory
2020-07-12,92.79811864026584,87.62956588894382,Satisfactory
2020-07-13,94.15780958497018,89.62403209747035,Satisfactory
2020-07-14,99.7115322052453,91.58918993239008,Satisfactory
2020-07-15,100.2318329067457,93.55399770848175,Moderate
2020-07-16,100.10864076247785,95.51866666814156,Moderate
2020-07-17,99.651504318867,97.4977906432026,Satisfactory
2020-07-18,100.68982886017326,99.46494019214423,Moderate
2020-07-19,99.6082371346206,101.45124037318105,Satisfactory
2020-07-20,99.88056937779959,103.42975476304146,Satisfactory
2020-07-21,104.5591435513574,105.39933058179155,Moderate
2020-07-22,104.44142914146421,107.35276144597036,Moderate
2020-07-23,103.93493445153952,109.29506888911182,Moderate
2020-07-24,103.3590255995067,111.22170214645081,Moderate
2020-07-25,104.54497003447086,113.12617909417067,Moderate
2020-07-26,103.87133125522803,115.0203896614323,Moderate
2020-07-27,104.79822775736548,116.91552365974044,Moderate
2020-07-28,110.35706795000209,118.82705006799833,Moderate
2020-07-29,111.31789914209367,120.71818856726864,Moderate
2020-07-30,112.05514969218143,122.59006176000005,Moderate
2020-07-31,112.850456725075,124.42959675961262,Moderate
